id_documento,tipo_documento,descricao,data_recebimento,responsavel,status,local_arquivo
11001,Boleto,Processo interno,2026-01-03,Camila Oliveira Santos,Arquivado,Compras
11002,Nota Fiscal,Processo interno,2026-01-05,Gisele Moraes,Pendente,Financeiro
11003,Boleto,Compra administrativa,2026-01-07,Diego Fernandes,Pendente,RH
11004,Nota Fiscal,Documento cliente,2026-01-09,Giovana Lopes,Arquivado,Compras
11005,Boleto,Documento cliente,2026-01-11,Thiago Rezende,Conferido,Digital
11006,Contrato,Compra administrativa,2026-01-13,Nicolas Braga,Arquivado,Administrativo
11007,Pedido de Compra,Documento cliente,2026-01-15,Marcelo Pinto,Conferido,Financeiro
11008,Contrato,Prestação de contas,2026-01-17,Isabela Ramos,Conferido,Digital
11009,Contrato,Documento fornecedor,2026-01-19,Diego Fernandes,Conferido,Financeiro
11010,Pedido de Compra,Processo interno,2026-01-21,Diego Fernandes,Arquivado,RH
11011,Pedido de Compra,Documento fornecedor,2026-01-23,William Araujo,Arquivado,Administrativo
11012,Documento Cadastral,Processo interno,2026-01-25,Daniel Almeida,Pendente,Administrativo
11013,Documento Cadastral,Prestação de contas,2026-01-27,Camila Oliveira Santos,Pendente,RH
11014,Recibo,Documento cliente,2026-01-29,Marcelo Pinto,Conferido,Administrativo
11015,Relatorio,Compra administrativa,2026-01-31,Taina Lopes,Arquivado,Compras
11016,Relatorio,Prestação de contas,2026-02-02,Ingrid Souza,Conferido,Financeiro
11017,Recibo,Documento fornecedor,2026-02-04,Carlos Eduardo,Conferido,Digital
11018,Contrato,Compra administrativa,2026-02-06,Nicole Martins,Recebido,RH
11019,Contrato,Documento cliente,2026-02-08,Samuel Rocha,Arquivado,Compras
11020,Nota Fiscal,Prestação de contas,2026-02-10,Matheus Pires,Pendente,Digital
11021,Nota Fiscal,Compra administrativa,2026-02-12,Carlos Eduardo,Conferido,Digital
11022,Relatorio,Prestação de contas,2026-02-14,Debora Martins,Recebido,RH
11023,Recibo,Prestação de contas,2026-02-16,Eduardo Martins,Arquivado,Compras
11024,Comprovante,Documento cliente,2026-02-18,Karen Freitas,Recebido,Digital
11025,Documento Cadastral,Processo interno,2026-02-20,Nicole Martins,Pendente,Digital
11026,Comprovante,Compra administrativa,2026-02-22,Valeria Campos,Arquivado,Compras
11027,Recibo,Documento cliente,2026-02-24,Taina Lopes,Conferido,Administrativo
11028,Nota Fiscal,Prestação de contas,2026-02-26,Taina Lopes,Conferido,Digital
11029,Relatorio,Documento cliente,2026-02-28,Wesley Martins,Pendente,Financeiro
11030,Relatorio,Processo interno,2026-03-02,Paulo Cesar,Arquivado,Compras
11031,Nota Fiscal,Compra administrativa,2026-03-04,Fernanda Souza,Conferido,Digital
11032,Comprovante,Processo interno,2026-03-06,Priscila Monteiro,Arquivado,RH
11033,Boleto,Documento fornecedor,2026-03-08,Taina Lopes,Recebido,Financeiro
11034,Boleto,Compra administrativa,2026-03-10,Juliana Barbosa,Conferido,Digital
11035,Nota Fiscal,Processo interno,2026-03-12,Thiago Rezende,Pendente,Financeiro
11036,Boleto,Prestação de contas,2026-03-14,Gabriel Rodrigues,Arquivado,Financeiro
11037,Pedido de Compra,Compra administrativa,2026-03-16,Sandra Batista,Recebido,Administrativo
11038,Recibo,Compra administrativa,2026-03-18,Rodrigo Tavares,Arquivado,Financeiro
11039,Recibo,Documento cliente,2026-03-20,Aline Pereira,Conferido,Administrativo
11040,Nota Fiscal,Prestação de contas,2026-03-22,Vinicius Castro,Conferido,Compras
11041,Contrato,Documento fornecedor,2026-03-24,Camila Oliveira Santos,Recebido,Administrativo
11042,Documento Cadastral,Processo interno,2026-03-26,Larissa Neves,Arquivado,RH
11043,Comprovante,Documento cliente,2026-03-28,Beatriz Martins,Recebido,Digital
11044,Nota Fiscal,Processo interno,2026-03-30,Gisele Moraes,Conferido,Compras
11045,Boleto,Documento fornecedor,2026-04-01,Daniel Almeida,Conferido,Compras
11046,Comprovante,Documento fornecedor,2026-04-03,Henrique Dias,Arquivado,RH
11047,Contrato,Compra administrativa,2026-04-05,Mariana Ribeiro,Pendente,Administrativo
11048,Boleto,Documento fornecedor,2026-04-07,Rodrigo Tavares,Arquivado,Digital
11049,Relatorio,Processo interno,2026-04-09,Larissa Neves,Conferido,Administrativo
11050,Documento Cadastral,Prestação de contas,2026-04-11,Nicolas Braga,Pendente,Financeiro
11051,Pedido de Compra,Prestação de contas,2026-04-13,Gisele Moraes,Conferido,Administrativo
11052,Boleto,Compra administrativa,2026-04-15,Valeria Campos,Arquivado,Compras
11053,Pedido de Compra,Processo interno,2026-04-17,Eduardo Martins,Arquivado,Digital
11054,Comprovante,Processo interno,2026-04-19,Natalia Gomes,Recebido,Administrativo
11055,Pedido de Compra,Documento fornecedor,2026-04-21,Carlos Eduardo,Pendente,Digital
11056,Comprovante,Processo interno,2026-04-23,Vitor Hugo,Recebido,Digital
11057,Comprovante,Documento cliente,2026-04-25,Jonas Farias,Conferido,Financeiro
11058,Comprovante,Documento fornecedor,2026-04-27,Joao Pedro,Conferido,Financeiro
11059,Comprovante,Documento cliente,2026-04-29,Priscila Monteiro,Conferido,Compras
11060,Comprovante,Compra administrativa,2026-05-01,Elaine Moura,Conferido,RH
11061,Boleto,Prestação de contas,2026-05-04,Hugo Barros,Pendente,Digital
11062,Comprovante,Compra administrativa,2026-05-06,Giovana Lopes,Conferido,RH
11063,Boleto,Prestação de contas,2026-05-08,Larissa Neves,Pendente,Compras
11064,Comprovante,Compra administrativa,2026-05-10,Otavio Lima,Conferido,Digital
11065,Pedido de Compra,Processo interno,2026-05-12,Taina Lopes,Recebido,Digital
11066,Relatorio,Documento cliente,2026-05-14,Hugo Barros,Arquivado,RH
11067,Comprovante,Prestação de contas,2026-05-16,Yasmin Alves,Conferido,Administrativo
11068,Contrato,Documento fornecedor,2026-05-18,Gisele Moraes,Conferido,Financeiro
11069,Comprovante,Documento cliente,2026-05-20,Paulo Cesar,Pendente,Administrativo
11070,Comprovante,Documento fornecedor,2026-05-22,Nicolas Braga,Conferido,RH
11071,Pedido de Compra,Documento cliente,2026-05-24,Sandra Batista,Recebido,Financeiro
11072,Documento Cadastral,Documento cliente,2026-05-26,Rafael Nunes,Conferido,Administrativo
11073,Recibo,Compra administrativa,2026-05-28,Samuel Rocha,Arquivado,Financeiro
11074,Pedido de Compra,Prestação de contas,2026-05-30,Beatriz Martins,Pendente,Digital
11075,Contrato,Prestação de contas,2026-06-01,Aline Pereira,Pendente,Administrativo
11076,Recibo,Documento cliente,2026-06-03,Paulo Cesar,Pendente,Financeiro
11077,Nota Fiscal,Processo interno,2026-06-05,Aline Pereira,Conferido,Financeiro
11078,Nota Fiscal,Processo interno,2026-06-07,Helena Ferreira,Conferido,Financeiro
11079,Documento Cadastral,Documento fornecedor,2026-06-09,Ingrid Souza,Arquivado,Administrativo
11080,Contrato,Documento fornecedor,2026-06-11,Rafael Nunes,Recebido,Compras
11081,Pedido de Compra,Compra administrativa,2026-06-13,Yasmin Alves,Conferido,Administrativo
11082,Boleto,Documento cliente,2026-06-15,Raquel Mendes,Conferido,RH
11083,Contrato,Documento fornecedor,2026-06-17,Karen Freitas,Conferido,Administrativo
11084,Relatorio,Documento fornecedor,2026-06-19,William Araujo,Arquivado,Financeiro
11085,Recibo,Documento cliente,2026-06-21,Juliana Barbosa,Recebido,Digital
11086,Recibo,Compra administrativa,2026-06-23,Leonardo Vieira,Conferido,Administrativo
11087,Comprovante,Documento fornecedor,2026-06-25,Yasmin Alves,Recebido,Administrativo
11088,Nota Fiscal,Compra administrativa,2026-06-27,Marcelo Pinto,Arquivado,Financeiro
11089,Documento Cadastral,Prestação de contas,2026-06-29,Igor Mendes,Recebido,Digital
11090,Recibo,Compra administrativa,2026-07-01,Renata Moreira,Conferido,Digital
11091,Contrato,Processo interno,2026-07-03,Lucas Carvalho,Pendente,RH
11092,Recibo,Processo interno,2026-07-05,Leonardo Vieira,Pendente,Administrativo
11093,Documento Cadastral,Compra administrativa,2026-07-07,Juliana Barbosa,Conferido,Digital
11094,Documento Cadastral,Processo interno,2026-07-09,Beatriz Martins,Conferido,Digital
11095,Documento Cadastral,Prestação de contas,2026-07-11,Taina Lopes,Conferido,Compras
11096,Contrato,Documento cliente,2026-07-13,Renata Moreira,Conferido,Compras
11097,Boleto,Processo interno,2026-07-15,Daniel Almeida,Conferido,Digital
11098,Comprovante,Processo interno,2026-07-17,Hugo Barros,Conferido,RH
11099,Nota Fiscal,Compra administrativa,2026-07-19,Matheus Pires,Conferido,Digital
11100,Recibo,Prestação de contas,2026-07-21,Gisele Moraes,Conferido,Financeiro
11101,Contrato,Documento cliente,2026-07-23,Elaine Moura,Pendente,Administrativo
11102,Pedido de Compra,Compra administrativa,2026-07-25,Yasmin Alves,Arquivado,RH
11103,Nota Fiscal,Compra administrativa,2026-07-27,Aline Pereira,Pendente,Financeiro
11104,Boleto,Prestação de contas,2026-07-29,Priscila Monteiro,Recebido,RH
11105,Contrato,Documento cliente,2026-07-31,Rodrigo Tavares,Recebido,Financeiro
11106,Relatorio,Prestação de contas,2026-08-02,Ingrid Souza,Arquivado,Administrativo
11107,Relatorio,Documento cliente,2026-08-04,Ana Paula Silva,Conferido,Administrativo
11108,Comprovante,Prestação de contas,2026-08-06,Elaine Moura,Recebido,Compras
11109,Comprovante,Compra administrativa,2026-08-08,Larissa Neves,Conferido,Financeiro
11110,Boleto,Compra administrativa,2026-08-10,Nicolas Braga,Pendente,Compras
11111,Boleto,Documento fornecedor,2026-08-12,Renata Moreira,Pendente,Financeiro
11112,Comprovante,Processo interno,2026-08-14,Valeria Campos,Conferido,Compras
11113,Recibo,Prestação de contas,2026-08-16,Diego Fernandes,Recebido,Administrativo
11114,Recibo,Documento fornecedor,2026-08-18,Bruno Henrique Costa,Arquivado,RH
11115,Contrato,Processo interno,2026-08-20,Thiago Rezende,Conferido,Compras
11116,Pedido de Compra,Prestação de contas,2026-08-22,Patricia Teixeira,Pendente,Financeiro
11117,Contrato,Documento cliente,2026-08-24,Leonardo Vieira,Pendente,Financeiro
11118,Pedido de Compra,Processo interno,2026-08-26,Sandra Batista,Pendente,Administrativo
11119,Boleto,Compra administrativa,2026-08-28,Yasmin Alves,Conferido,Financeiro
11120,Nota Fiscal,Documento fornecedor,2026-08-31,Fernanda Souza,Conferido,Digital
